,Reward per agent,Arrival rate,Real Path/Ideal Path,# direction changes,Time to arrive
DQN,5.448709480184361,0.92728125,1.1570391506046314,6.1619991237825635,0.14713262149747927
DDQN,5.418122329937118,0.91821875,1.1498654638061632,5.9203961474321884,0.14141343118902394
Hybrid DQN,5.449078826330556,0.92740625,1.157177277210912,5.937527378104256,0.15424078613149111
Hybrid DDQN,5.411053878956974,0.9159375,1.1512456509811781,5.918082565677243,0.1801109324620877
