,Reward per agent,Arrival rate,Real Path/Ideal Path,# direction changes,Time to arrive
DQN,5.8420021038855525,0.9625,1.1871042026482441,6.636363636363637,0.49458014965057373
DDQN,5.648518440897627,0.91875,1.1465936739659368,6.442176870748299,0.15885274750845774
Hybrid DQN,5.811601466596492,0.95625,1.1835184102863823,6.405228758169935,0.18165697147643645
Hybrid DDQN,5.725742442186041,0.93125,1.1648936170212767,6.590604026845638,0.21023331072506488
