,Reward per agent,Arrival rate,Real Path/Ideal Path,# direction changes,Time to arrive
DQN,5.1916864637546,0.87525,1.0929067343924692,5.510711225364181,0.06776680617085935
DDQN,5.181854226441851,0.87,1.0873223960108214,5.310129310344828,0.06509219486823027
Hybrid DQN,5.1925726457027634,0.8754375,1.0938720046353139,5.25480117084315,0.07084003287668256
Hybrid DDQN,5.17376538794117,0.868125,1.0879578962043845,5.256083513318934,0.08035317411347205
