,Reward per agent,Arrival rate,Real Path/Ideal Path,# direction changes,Time to arrive
DQN,5.649161895556892,0.988875,1.0853170354508683,5.832290481607887,0.14472706227338114
DDQN,5.647970784692031,0.9871875,1.080748435044272,5.544761000316556,0.1403731979875483
Hybrid DQN,5.648502703579988,0.98865625,1.0867463068477663,5.5199608053860985,0.1531951349762857
Hybrid DDQN,5.648617947393288,0.9873125,1.0824821565926694,5.5125656770272835,0.17963421621707193
