,Reward per agent,Arrival rate,Real Path/Ideal Path,# direction changes,Time to arrive
DQN,5.616031579673883,0.9986,1.007002346835588,5.769877828960545,0.02489165383065222
DDQN,5.629979535098245,1.0,1.0064853556485356,5.5194,0.022716547012329103
Hybrid DQN,5.616031579674606,0.9986,1.0278376676651848,3.368315641898658,0.01660685884959708
Hybrid DDQN,5.629979535098999,1.0,1.0294598706732598,3.3886,0.01919474320411682
