,Reward per agent,Arrival rate,Real Path/Ideal Path,# direction changes,Time to arrive
DQN,5.641026314665102,0.98921875,1.0836139052328027,5.780666561364713,0.1446908411002803
DDQN,5.646267406521682,0.98925,1.0799891572437952,5.494155926206722,0.13931637295936736
Hybrid DQN,5.641684349840852,0.98934375,1.0852177023864533,5.477462964717774,0.15068683205101524
Hybrid DDQN,5.6451892940401995,0.989,1.0831465496685584,5.487202982810921,0.17642892293699833
