,Reward per agent,Arrival rate,Real Path/Ideal Path,# direction changes,Time to arrive
DQN,5.585828623785629,0.960875,1.070592116114135,5.523611291791336,0.06577661101957966
DDQN,5.584054535866626,0.957875,1.0670192384205275,5.267062508156075,0.06265546129653056
Hybrid DQN,5.584632595749523,0.9605625,1.072689378659528,5.244908582210944,0.06808806875825696
Hybrid DDQN,5.5791396696666675,0.9566875,1.0704637288385013,5.250342980335794,0.07752948719430128
