,Reward per agent,Arrival rate,Real Path/Ideal Path,# direction changes/success,Time to arrive,Simulation time/scenario
DDQN,6.57227628269447,0.9654285714285714,1.1464938434576781,7.574504291210418,0.4834296532586045,0.8846391820907593
