,Reward per agent,Arrival rate,Real Path/Ideal Path,# direction changes,Time to arrive
DQN,5.2482298322948955,0.8886,1.0446545050150773,5.344136844474455,0.022951823216742447
DDQN,5.230125351820676,0.8782,1.0417855598789452,5.173081302664541,0.0204813530330532
Hybrid DQN,5.24859709810448,0.8882,1.051089583199675,4.9639720783607295,0.021682954752560647
Hybrid DDQN,5.232150349704699,0.878,1.048448145344436,5.051708428246013,0.02419610305907786
