,Reward per agent,Arrival rate,Real Path/Ideal Path,# direction changes,Time to arrive
DQN,5.4224126443343845,0.929375,1.1624023089146156,6.164761264290518,0.15430175095656293
DDQN,5.404816343695415,0.9225,1.1558786844351079,5.892615176151762,0.14218904437411445
Hybrid DQN,5.422412644334389,0.929375,1.162596880370983,5.929724277067922,0.15550933552814475
Hybrid DDQN,5.387639121862731,0.9175,1.1563079163357162,5.871934604904633,0.18123094165032827
