,Reward per agent,Arrival rate,Real Path/Ideal Path,# direction changes,Time to arrive
DQN,5.674570498458681,0.99675,1.0291913748214843,5.575369952345121,0.06809911482430413
DDQN,5.685864716314022,0.9978125,1.028174793935912,5.292890698402756,0.06441209048191432
Hybrid DQN,5.674240004717931,0.9966875,1.0388221118523526,4.923120336113375,0.06617499194698677
Hybrid DDQN,5.684754976039523,0.9975,1.0377740244202822,4.928696741854637,0.07605701977746529
