,Reward per agent,Arrival rate,Real Path/Ideal Path,# direction changes,Time to arrive
DQN,5.077348182480258,0.8388125,1.1882522411851593,6.274457939050741,0.14813555026852013
DDQN,5.042480338743956,0.8293125,1.1768662108832193,6.017145225714071,0.14336365050329442
Hybrid DQN,5.076519284175069,0.83875,1.1885048981069428,6.064642324888227,0.15760973135867168
Hybrid DDQN,5.030206727262974,0.82675,1.1769545488358253,6.0156108255216205,0.1822624280530591
