,Reward per agent,Arrival rate,Real Path/Ideal Path,# direction changes,Time to arrive
DQN,5.63505470621917,0.98771875,1.0778356507421385,5.772012528870187,0.14247557354066925
DDQN,5.639496973572879,0.98796875,1.0791616734255975,5.459497074173652,0.13849222951536405
Hybrid DQN,5.634474892696756,0.98746875,1.079830212085432,5.451976328364822,0.15054032847022605
Hybrid DDQN,5.6391831626856055,0.98784375,1.0817479013703872,5.448546392078707,0.17706145333955658
