,Reward per agent,Arrival rate,Real Path/Ideal Path,# direction changes,Time to arrive
DQN,5.661776211595878,0.9824,1.029834379490282,5.3507736156351795,0.021410700067246775
DDQN,5.646866908180761,0.9742,1.0293131690221324,5.042496407308561,0.019975920669157828
Hybrid DQN,5.6554731330776145,0.9806,1.0377283407867808,4.92249643075668,0.020804756786199387
Hybrid DDQN,5.6353531922520474,0.9712,1.0364456852209496,4.849876441515651,0.023315058852341853
